{
    "scaling_factor": 9.0,
    "K_vel": 9.0,
    "K_pres": 3.0,
    "K_smoke": 18.0,
    "raw_max_vel": 8.032172203063965,
    "raw_max_pres": 2.0826005935668945,
    "raw_max_smoke": 17.055551528930664
}